CHROM,POS,ID,REF,ALT,QUAL,FILTER,AF
chr1,11187893,.,T,C,10540.1,PASS,0.995253
chr1,27089638,.,A,G,69.4455,PASS,0.0668449
chr1,27100205,.,A,AGCA,1451.4,PASS,0.437299
chr1,40363054,.,G,C,929.937,PASS,0.494318
