CHROM,POS,ID,REF,ALT,QUAL,FILTER,AF
chr1,11187873,.,T,C,10540.1,PASS,0.995253
chr1,27089668,.,A,G,69.4455,PASS,0.0668449
chr1,27100255,.,A,AGCA,1451.4,PASS,0.437299
chr1,40363034,.,G,C,929.937,PASS,0.494318
chr1,27089688,.,A,G,69.4455,PASS,0.0668449
chr1,27100225,.,A,AG,1451.4,PASS,0.437299